time,weather_code (wmo code),temperature_2m_max (°C),temperature_2m_min (°C),temperature_2m_mean (°C),rain_sum (mm),snowfall_sum (cm)
2022-03-01,51,6.5,-1.6,1.9,0.10,0.00
2022-03-02,3,6.0,-1.2,1.6,0.00,0.00
2022-03-03,2,5.0,-3.6,0.5,0.00,0.00
2022-03-04,0,4.3,-4.4,-1.5,0.00,0.00
2022-03-05,3,5.0,-4.8,-0.8,0.00,0.00
2022-03-06,3,5.7,-3.6,0.6,0.00,0.00
2022-03-07,3,6.6,-1.8,2.2,0.00,0.00
2022-03-08,3,7.8,-2.2,1.5,0.00,0.00
2022-03-09,3,7.1,-4.0,0.8,0.00,0.00
2022-03-10,3,3.7,-1.0,1.4,0.00,0.00
2022-03-11,3,6.6,-3.1,0.9,0.00,0.00
2022-03-12,3,8.4,-3.0,1.4,0.00,0.00
2022-03-13,3,11.8,-3.4,2.3,0.00,0.00
2022-03-14,3,10.6,-2.8,2.5,0.00,0.00
2022-03-15,0,8.9,-2.5,1.7,0.00,0.00
2022-03-16,3,10.2,-3.6,1.6,0.00,0.00
2022-03-17,3,8.4,-3.5,2.2,0.00,0.00
2022-03-18,51,7.1,0.0,4.5,0.20,0.00
2022-03-19,2,10.4,-2.6,3.6,0.00,0.00
2022-03-20,1,14.3,-1.4,4.9,0.00,0.00
2022-03-21,0,11.4,-0.8,4.2,0.00,0.00
2022-03-22,0,11.2,-1.9,4.3,0.00,0.00
2022-03-23,3,10.2,-0.7,4.6,0.00,0.00
2022-03-24,3,13.3,0.3,6.2,0.00,0.00
2022-03-25,3,12.6,2.7,7.9,0.00,0.00
2022-03-26,3,8.2,-2.3,4.3,0.00,0.00
2022-03-27,3,7.8,-2.8,3.4,0.00,0.00
2022-03-28,71,11.3,-1.7,6.9,0.30,0.07
2022-03-29,71,1.2,-6.2,-2.2,0.00,0.28
2022-03-30,3,2.9,-6.3,-2.4,0.00,0.00
2022-03-31,73,4.1,-6.5,-1.8,0.00,1.89
2022-04-01,73,2.4,-6.8,-2.5,0.00,1.12
2022-04-02,3,4.3,-8.8,-1.6,0.00,0.00
2022-04-03,3,6.7,-4.0,1.4,0.00,0.00
2022-04-04,73,3.3,-1.1,1.2,5.20,4.13
2022-04-05,73,2.4,-4.8,-1.0,0.00,0.91
2022-04-06,3,5.6,-5.2,0.8,0.00,0.00
2022-04-07,73,3.6,-2.6,0.9,8.70,2.80
2022-04-08,73,3.3,-0.4,1.4,0.60,1.68
2022-04-09,71,3.2,-3.4,0.2,0.00,0.35
2022-04-10,3,8.0,-1.1,3.9,0.00,0.00
2022-04-11,3,9.4,-0.9,4.4,0.00,0.00
2022-04-12,3,10.3,-2.7,4.1,0.00,0.00
2022-04-13,73,9.5,1.3,5.0,0.40,0.35
2022-04-14,71,7.2,2.9,4.8,1.60,0.14
2022-04-15,3,9.2,-0.8,4.5,0.00,0.00
2022-04-16,3,12.7,-2.6,5.1,0.00,0.00
2022-04-17,3,13.9,1.9,7.5,0.00,0.00
2022-04-18,3,17.9,2.3,9.3,0.00,0.00
2022-04-19,0,13.4,2.5,7.6,0.00,0.00
2022-04-20,3,12.3,1.9,7.7,0.00,0.00
2022-04-21,3,13.8,4.3,8.9,0.00,0.00
2022-04-22,3,15.0,1.9,8.4,0.00,0.00
2022-04-23,51,11.6,2.9,7.0,0.50,0.00
2022-04-24,3,9.9,1.0,5.9,0.00,0.00
2022-04-25,3,14.4,-0.5,7.0,0.00,0.00
2022-04-26,3,10.2,2.1,6.6,0.00,0.00
2022-04-27,3,8.5,-0.2,3.4,0.00,0.00
2022-04-28,51,11.7,-0.5,5.7,0.60,0.00
2022-04-29,3,10.5,-0.1,4.6,0.00,0.00
2022-04-30,51,12.1,0.4,6.6,0.10,0.00
2022-05-01,3,13.0,3.1,8.0,0.00,0.00
2022-05-02,3,15.4,3.7,10.3,0.00,0.00
2022-05-03,3,10.8,1.4,6.9,0.00,0.00
2022-05-04,3,13.1,-2.8,6.2,0.00,0.00
2022-05-05,51,16.8,6.5,11.6,0.20,0.00
2022-05-06,3,18.2,6.2,12.0,0.00,0.00
2022-05-07,61,10.9,4.7,9.0,4.60,0.00
2022-05-08,3,12.1,2.6,7.0,0.00,0.00
2022-05-09,3,17.6,2.6,10.0,0.00,0.00
2022-05-10,55,15.4,6.8,10.9,2.30,0.00
2022-05-11,55,16.6,8.2,11.9,3.20,0.00
2022-05-12,51,16.0,7.6,11.8,0.10,0.00
2022-05-13,3,16.5,7.5,11.5,0.00,0.00
2022-05-14,61,16.1,7.4,10.8,6.00,0.00
2022-05-15,51,15.5,5.4,9.9,0.20,0.00
2022-05-16,3,12.6,4.0,8.6,0.00,0.00
2022-05-17,3,12.3,2.2,7.6,0.00,0.00
2022-05-18,3,19.4,3.1,12.7,0.00,0.00
2022-05-19,51,22.7,10.4,15.6,0.50,0.00
2022-05-20,55,11.5,5.7,9.6,5.50,0.00
2022-05-21,3,13.2,5.0,9.5,0.00,0.00
2022-05-22,3,14.0,4.2,9.7,0.00,0.00
2022-05-23,3,18.1,2.2,10.7,0.00,0.00
2022-05-24,51,17.4,4.7,12.2,0.30,0.00
2022-05-25,53,18.8,9.6,13.7,2.90,0.00
2022-05-26,53,16.2,7.3,11.4,2.00,0.00
2022-05-27,61,11.9,7.8,9.7,7.70,0.00
2022-05-28,55,10.4,7.8,9.1,9.10,0.00
2022-05-29,51,13.6,5.9,9.8,0.40,0.00
2022-05-30,51,14.3,3.4,10.1,0.40,0.00
2022-05-31,63,12.9,7.5,10.1,12.50,0.00
2022-06-01,61,17.4,9.1,12.7,3.30,0.00
2022-06-02,63,13.5,9.1,10.5,26.10,0.00
2022-06-03,61,17.7,8.2,13.4,3.60,0.00
2022-06-04,51,19.1,9.8,14.8,0.30,0.00
2022-06-05,3,21.4,9.3,14.9,0.00,0.00
2022-06-06,3,16.4,9.1,12.9,0.00,0.00
2022-06-07,51,19.0,7.8,14.0,0.50,0.00
2022-06-08,51,19.1,11.1,15.1,0.80,0.00
2022-06-09,3,19.7,10.8,16.1,0.00,0.00
2022-06-10,63,22.6,10.8,16.8,5.50,0.00
2022-06-11,53,20.2,11.4,16.5,0.80,0.00
2022-06-12,51,19.5,12.0,15.8,0.30,0.00
2022-06-13,51,18.7,11.3,15.1,0.60,0.00
2022-06-14,63,18.8,9.5,14.7,10.80,0.00
2022-06-15,61,20.9,8.6,15.7,2.50,0.00
2022-06-16,61,21.2,12.4,16.2,3.60,0.00
2022-06-17,51,21.7,11.1,17.1,0.30,0.00
2022-06-18,61,21.1,13.1,16.8,4.80,0.00
2022-06-19,3,19.6,9.8,15.4,0.00,0.00
2022-06-20,61,18.0,8.7,13.5,3.00,0.00
2022-06-21,3,22.4,6.2,15.8,0.00,0.00
2022-06-22,51,21.1,13.8,17.0,1.40,0.00
2022-06-23,3,25.5,13.0,19.4,0.00,0.00
2022-06-24,1,25.9,14.1,19.9,0.00,0.00
2022-06-25,3,26.3,14.6,20.9,0.00,0.00
2022-06-26,51,27.9,14.4,22.1,0.20,0.00
2022-06-27,51,29.0,16.2,22.9,0.20,0.00
2022-06-28,61,28.0,17.7,23.0,1.40,0.00
2022-06-29,61,23.7,16.1,19.2,8.30,0.00
2022-06-30,63,24.9,17.2,21.0,4.60,0.00
2022-07-01,61,24.1,17.9,20.6,6.30,0.00
2022-07-02,51,22.7,15.4,19.8,0.90,0.00
2022-07-03,3,23.4,12.8,18.6,0.00,0.00
2022-07-04,53,21.5,14.5,17.8,3.00,0.00
2022-07-05,55,19.0,12.6,16.1,2.70,0.00
2022-07-06,51,20.3,11.5,16.5,0.10,0.00
2022-07-07,63,14.7,9.6,13.1,8.40,0.00
2022-07-08,53,21.1,9.4,15.5,0.70,0.00
2022-07-09,51,20.6,10.9,16.5,0.20,0.00
2022-07-10,51,18.0,9.5,14.1,0.50,0.00
2022-07-11,51,21.1,9.8,15.6,0.60,0.00
2022-07-12,3,25.2,10.8,18.8,0.00,0.00
2022-07-13,3,25.0,14.7,19.6,0.00,0.00
2022-07-14,61,20.7,12.6,16.0,2.80,0.00
2022-07-15,51,16.1,10.8,13.6,0.10,0.00
2022-07-16,3,16.6,10.2,13.8,0.00,0.00
2022-07-17,3,19.5,9.9,15.6,0.00,0.00
2022-07-18,55,21.6,12.8,17.4,2.50,0.00
2022-07-19,51,23.4,13.9,18.0,0.30,0.00
2022-07-20,3,27.4,13.6,21.2,0.00,0.00
2022-07-21,3,32.2,16.4,24.5,0.00,0.00
2022-07-22,53,25.3,17.0,21.0,1.70,0.00
2022-07-23,51,19.0,14.5,16.3,1.20,0.00
2022-07-24,51,23.7,13.4,18.4,0.10,0.00
2022-07-25,53,22.6,14.2,18.8,1.30,0.00
2022-07-26,63,21.3,14.3,18.0,14.20,0.00
2022-07-27,51,20.6,12.0,16.2,0.20,0.00
2022-07-28,3,18.9,11.5,15.0,0.00,0.00
2022-07-29,3,22.0,7.3,15.8,0.00,0.00
2022-07-30,3,24.5,12.3,18.4,0.00,0.00
2022-07-31,3,24.3,12.4,18.6,0.00,0.00
2022-08-01,3,23.7,13.6,18.8,0.00,0.00
2022-08-02,51,21.9,13.1,17.6,0.40,0.00
2022-08-03,51,25.1,13.7,19.5,0.50,0.00
2022-08-04,51,27.1,17.7,22.1,0.20,0.00
2022-08-05,63,27.0,16.3,19.6,14.10,0.00
2022-08-06,53,19.3,11.5,15.5,1.40,0.00
2022-08-07,51,19.9,10.7,15.6,0.50,0.00
2022-08-08,3,21.2,11.0,16.6,0.00,0.00
2022-08-09,3,23.8,9.9,17.9,0.00,0.00
2022-08-10,3,25.8,12.6,19.0,0.00,0.00
2022-08-11,3,26.4,15.6,20.9,0.00,0.00
2022-08-12,1,27.9,13.9,19.8,0.00,0.00
2022-08-13,1,27.2,15.4,21.0,0.00,0.00
2022-08-14,3,26.9,14.5,20.7,0.00,0.00
2022-08-15,61,27.7,16.2,21.2,3.90,0.00
2022-08-16,53,27.4,18.9,23.3,1.00,0.00
2022-08-17,53,27.8,18.6,22.6,0.90,0.00
2022-08-18,61,27.0,15.9,20.9,1.30,0.00
2022-08-19,53,29.3,17.8,22.9,0.60,0.00
2022-08-20,63,22.9,17.2,20.7,15.40,0.00
2022-08-21,61,21.8,14.9,18.0,2.40,0.00
2022-08-22,3,22.1,13.4,17.5,0.00,0.00
2022-08-23,51,21.0,11.4,16.4,1.90,0.00
2022-08-24,3,22.8,10.9,16.3,0.00,0.00
2022-08-25,3,23.8,7.3,16.1,0.00,0.00
2022-08-26,3,22.6,11.6,17.4,0.00,0.00
2022-08-27,65,27.3,16.4,20.0,13.60,0.00
2022-08-28,63,17.9,11.4,14.7,28.00,0.00
2022-08-29,63,17.6,11.6,14.3,4.80,0.00
2022-08-30,51,17.4,9.3,13.5,0.20,0.00
2022-08-31,51,16.3,8.6,12.3,0.40,0.00
2022-09-01,51,15.2,7.4,11.0,0.20,0.00
2022-09-02,51,13.8,6.1,9.6,0.80,0.00
2022-09-03,51,12.0,5.6,9.2,1.20,0.00
2022-09-04,51,15.5,5.8,10.9,0.20,0.00
2022-09-05,3,15.6,3.6,10.0,0.00,0.00
2022-09-06,3,19.2,6.6,12.9,0.00,0.00
2022-09-07,3,15.6,6.9,11.1,0.00,0.00
2022-09-08,51,14.7,5.8,10.6,0.30,0.00
2022-09-09,3,15.9,8.6,12.3,0.00,0.00
2022-09-10,51,15.3,8.8,12.0,0.70,0.00
2022-09-11,3,16.8,9.6,13.2,0.00,0.00
2022-09-12,3,18.0,5.4,12.3,0.00,0.00
2022-09-13,61,14.5,10.5,12.7,12.20,0.00
2022-09-14,51,15.2,9.5,12.1,0.50,0.00
2022-09-15,51,13.3,8.2,10.7,0.70,0.00
2022-09-16,51,14.4,7.1,10.4,0.50,0.00
2022-09-17,61,13.3,8.3,10.5,5.60,0.00
2022-09-18,51,14.0,6.4,9.9,0.30,0.00
2022-09-19,51,12.2,8.3,10.0,1.10,0.00
2022-09-20,53,12.5,4.3,9.2,1.20,0.00
2022-09-21,3,14.0,2.2,8.2,0.00,0.00
2022-09-22,3,15.2,4.7,10.0,0.00,0.00
2022-09-23,3,16.0,7.9,11.4,0.00,0.00
2022-09-24,53,15.3,9.1,11.1,0.80,0.00
2022-09-25,51,15.3,6.8,10.8,0.30,0.00
2022-09-26,55,11.9,8.5,10.3,5.90,0.00
2022-09-27,61,13.7,9.3,11.3,5.00,0.00
2022-09-28,53,13.3,8.3,11.1,2.10,0.00
2022-09-29,53,11.5,4.7,8.4,0.90,0.00
2022-09-30,3,11.8,4.8,8.2,0.00,0.00
2022-10-01,53,13.9,8.0,10.5,0.80,0.00
2022-10-02,61,12.4,7.4,10.0,8.90,0.00
2022-10-03,51,12.8,4.5,8.6,0.60,0.00
2022-10-04,51,14.1,4.5,9.5,0.20,0.00
2022-10-05,53,15.5,10.3,12.9,1.60,0.00
2022-10-06,51,14.6,11.9,13.3,0.80,0.00
2022-10-07,3,15.1,10.8,12.9,0.00,0.00
2022-10-08,51,13.7,6.9,11.3,1.10,0.00
2022-10-09,3,12.1,4.1,8.0,0.00,0.00
2022-10-10,51,13.9,6.5,10.1,0.10,0.00
2022-10-11,53,11.4,5.5,9.0,1.40,0.00
2022-10-12,3,10.5,2.8,6.2,0.00,0.00
2022-10-13,3,12.6,5.9,9.1,0.00,0.00
2022-10-14,3,13.1,6.2,9.1,0.00,0.00
2022-10-15,51,14.1,8.0,10.9,0.60,0.00
2022-10-16,63,13.8,8.3,11.0,4.90,0.00
2022-10-17,61,12.8,8.3,10.1,5.70,0.00
2022-10-18,55,10.2,4.6,7.5,2.00,0.00
2022-10-19,3,8.3,2.6,4.8,0.00,0.00
2022-10-20,3,8.4,0.8,4.0,0.00,0.00
2022-10-21,3,8.8,1.5,5.4,0.00,0.00
2022-10-22,51,9.8,4.5,7.5,0.40,0.00
2022-10-23,3,8.4,1.3,4.9,0.00,0.00
2022-10-24,61,9.7,6.0,7.9,6.00,0.00
2022-10-25,53,12.3,9.7,10.6,2.70,0.00
2022-10-26,51,10.0,6.9,8.9,0.40,0.00
2022-10-27,53,14.2,6.4,10.3,1.40,0.00
2022-10-28,53,14.0,10.7,12.0,0.80,0.00
2022-10-29,53,13.8,6.8,11.7,0.70,0.00
2022-10-30,0,8.8,2.3,4.8,0.00,0.00
2022-10-31,51,11.9,3.3,8.0,0.10,0.00
2022-11-01,53,9.8,7.8,8.6,1.40,0.00
2022-11-02,61,12.2,7.5,9.6,2.30,0.00
2022-11-03,3,9.9,5.8,7.7,0.00,0.00
2022-11-04,3,10.0,6.5,8.0,0.00,0.00
2022-11-05,61,8.7,5.7,7.8,5.00,0.00
2022-11-06,51,9.2,5.0,7.3,0.70,0.00
2022-11-07,61,9.9,7.9,8.8,5.20,0.00
2022-11-08,53,9.4,7.0,8.0,2.40,0.00
2022-11-09,3,11.2,7.0,9.0,0.00,0.00
2022-11-10,51,10.3,6.7,8.2,0.20,0.00
2022-11-11,3,14.9,10.5,13.5,0.00,0.00
2022-11-12,3,14.6,6.1,11.9,0.00,0.00
2022-11-13,3,8.0,1.5,4.3,0.00,0.00
2022-11-14,3,7.4,5.2,6.4,0.00,0.00
2022-11-15,3,7.1,3.6,5.4,0.00,0.00
2022-11-16,51,4.1,2.5,3.4,0.40,0.00
2022-11-17,51,2.4,1.2,1.8,0.10,0.00
2022-11-18,71,3.1,0.5,1.6,1.70,0.14
2022-11-19,75,1.0,0.1,0.4,0.00,2.87
2022-11-20,75,0.7,-0.7,0.0,0.00,10.99
2022-11-21,75,1.2,-1.4,-0.4,0.00,4.97
2022-11-22,3,1.9,-0.9,0.7,0.00,0.00
2022-11-23,3,1.9,0.6,1.3,0.00,0.00
2022-11-24,3,2.3,-0.4,1.4,0.00,0.00
2022-11-25,51,1.8,-0.9,0.7,0.50,0.00
2022-11-26,51,1.4,-0.4,0.8,1.20,0.00
2022-11-27,3,1.5,-0.5,0.5,0.00,0.00
2022-11-28,51,2.9,1.6,2.1,0.20,0.00
2022-11-29,51,3.0,1.9,2.5,2.70,0.00
2022-11-30,51,2.8,-2.0,0.6,0.10,0.00
2022-12-01,53,2.4,-0.2,1.3,3.60,0.00
2022-12-02,71,1.7,-0.3,1.0,2.60,0.28
2022-12-03,3,-0.7,-2.2,-1.4,0.00,0.00
2022-12-04,3,0.1,-4.3,-1.8,0.00,0.00
2022-12-05,3,-1.4,-4.5,-2.7,0.00,0.00
2022-12-06,3,-2.4,-5.8,-4.3,0.00,0.00
2022-12-07,3,-4.3,-7.4,-5.9,0.00,0.00
2022-12-08,3,-6.1,-8.4,-7.2,0.00,0.00
2022-12-09,73,-3.4,-7.1,-5.2,0.00,0.98
2022-12-10,3,-3.1,-5.5,-4.2,0.00,0.00
2022-12-11,71,-3.4,-6.5,-5.3,0.00,0.21
2022-12-12,73,-2.7,-5.3,-3.7,0.00,0.49
2022-12-13,73,-3.6,-11.4,-8.2,0.00,1.89
2022-12-14,73,-5.8,-11.7,-9.0,0.00,1.40
2022-12-15,3,-9.7,-12.7,-11.0,0.00,0.00
2022-12-16,3,-9.0,-13.5,-10.9,0.00,0.00
2022-12-17,71,-0.8,-11.3,-5.2,0.00,0.07
2022-12-18,3,2.7,-2.8,0.0,0.00,0.00
2022-12-19,73,1.5,-2.6,-0.0,0.70,0.35
2022-12-20,53,3.3,0.2,2.1,3.20,0.00
2022-12-21,51,4.5,2.5,3.8,0.50,0.00
2022-12-22,51,3.5,1.2,2.3,0.10,0.00
2022-12-23,73,2.9,-6.8,-2.1,2.20,0.35
2022-12-24,3,-4.8,-7.5,-6.5,0.00,0.00
2022-12-25,3,1.6,-7.1,-4.1,0.00,0.00
2022-12-26,73,2.4,0.5,1.7,1.60,1.82
2022-12-27,73,2.2,-1.7,0.3,0.20,1.68
2022-12-28,71,1.3,-4.5,-2.0,0.00,0.28
2022-12-29,53,5.3,0.6,3.2,4.50,0.00
2022-12-30,3,5.1,0.6,3.8,0.00,0.00
2022-12-31,53,6.6,3.0,5.2,1.80,0.00
2023-01-01,3,2.4,-5.3,-1.6,0.00,0.00
2023-01-02,73,3.1,-4.1,1.3,5.50,1.40
2023-01-03,73,-0.2,-6.0,-2.9,0.00,0.42
2023-01-04,73,0.1,-7.5,-3.3,0.00,2.59
2023-01-05,73,-0.0,-5.5,-2.6,0.00,1.68
2023-01-06,73,-2.5,-6.0,-4.0,0.00,1.33
2023-01-07,73,1.8,-3.5,-0.5,0.60,1.68
2023-01-08,71,3.7,0.9,2.3,11.10,0.28
2023-01-09,73,3.5,1.3,2.7,2.00,0.21
2023-01-10,73,3.6,0.8,2.3,2.40,0.98
2023-01-11,61,5.3,2.9,3.9,5.30,0.00
2023-01-12,51,4.7,1.2,3.5,0.60,0.00
2023-01-13,55,4.7,1.1,3.3,2.10,0.00
2023-01-14,51,4.5,2.2,3.3,1.60,0.00
2023-01-15,73,4.3,2.1,3.2,10.70,0.84
2023-01-16,71,3.4,-0.8,1.7,1.20,0.07
2023-01-17,75,2.7,1.0,1.7,2.30,2.52
2023-01-18,3,3.0,-1.8,1.0,0.00,0.00
2023-01-19,3,0.3,-2.2,-1.3,0.00,0.00
2023-01-20,73,1.7,-2.6,-1.2,0.20,0.91
2023-01-21,3,-1.6,-4.6,-3.5,0.00,0.00
2023-01-22,3,-3.0,-5.3,-4.5,0.00,0.00
2023-01-23,3,-2.7,-5.6,-4.3,0.00,0.00
2023-01-24,3,3.4,-2.5,1.5,0.00,0.00
2023-01-25,3,6.0,3.2,4.8,0.00,0.00
2023-01-26,51,4.4,-3.1,1.3,0.40,0.00
2023-01-27,3,-0.7,-4.7,-3.3,0.00,0.00
2023-01-28,3,3.2,-3.9,-0.7,0.00,0.00
2023-01-29,51,5.5,-1.8,1.4,0.10,0.00
2023-01-30,51,5.8,1.5,3.5,0.20,0.00
2023-01-31,3,1.2,-5.1,-1.1,0.00,0.00
2023-02-01,71,-0.4,-5.1,-2.2,0.00,0.63
2023-02-02,3,-1.0,-7.6,-3.6,0.00,0.00
2023-02-03,71,-1.1,-9.0,-5.0,0.00,0.07
2023-02-04,3,-2.5,-7.6,-4.8,0.00,0.00
2023-02-05,73,-1.2,-7.9,-4.0,0.00,0.84
2023-02-06,3,0.5,-5.3,-2.9,0.00,0.00
2023-02-07,3,3.0,-1.1,1.5,0.00,0.00
2023-02-08,3,4.1,0.2,2.9,0.00,0.00
2023-02-09,71,3.3,-0.4,1.4,0.10,0.07
2023-02-10,75,2.1,-1.0,0.5,0.30,2.94
2023-02-11,73,3.6,-5.2,-0.7,0.70,0.35
2023-02-12,3,4.0,-5.4,-0.4,0.00,0.00
2023-02-13,3,6.1,0.0,2.6,0.00,0.00
2023-02-14,3,5.9,-1.0,1.5,0.00,0.00
2023-02-15,3,3.0,-0.3,1.5,0.00,0.00
2023-02-16,3,4.1,0.7,2.3,0.00,0.00
2023-02-17,61,4.1,2.0,3.2,8.20,0.00
2023-02-18,73,4.1,-0.7,2.0,2.20,0.49
2023-02-19,3,1.7,-3.6,-0.9,0.00,0.00
2023-02-20,75,3.8,-4.1,-0.9,0.80,4.48
2023-02-21,73,0.4,-4.4,-1.5,0.00,1.19
2023-02-22,3,-1.4,-3.7,-2.4,0.00,0.00
2023-02-23,73,1.2,-5.0,-0.9,0.10,3.36
2023-02-24,3,-0.1,-2.9,-1.6,0.00,0.00
2023-02-25,73,0.6,-5.8,-1.9,0.00,1.47
2023-02-26,3,1.2,-8.3,-2.7,0.00,0.00
2023-02-27,3,6.5,-8.5,0.2,0.00,0.00
2023-02-28,3,7.2,-0.7,2.0,0.00,0.00
2023-03-01,3,7.3,-2.9,1.7,0.00,0.00
2023-03-02,3,7.8,-1.0,2.9,0.00,0.00
2023-03-03,51,4.8,0.3,2.6,0.70,0.00
2023-03-04,3,1.1,-3.2,-1.0,0.00,0.00
2023-03-05,73,1.4,-5.3,-2.4,0.10,0.77
2023-03-06,73,0.2,-8.3,-4.0,0.00,0.42
2023-03-07,75,-0.5,-9.7,-4.2,0.00,4.27
2023-03-08,75,-1.6,-5.8,-3.0,0.00,9.17
2023-03-09,71,-0.4,-15.2,-6.6,0.00,0.35
2023-03-10,71,0.7,-9.1,-4.8,0.00,0.91
2023-03-11,3,-1.1,-10.6,-6.6,0.00,0.00
2023-03-12,71,-0.7,-10.4,-5.6,0.00,0.07
2023-03-13,73,6.0,-10.0,-1.5,3.10,3.50
2023-03-14,73,6.2,-0.7,3.3,2.20,0.63
2023-03-15,3,2.8,-4.7,-1.4,0.00,0.00
2023-03-16,3,4.3,-10.2,-2.8,0.00,0.00
2023-03-17,51,3.7,-2.8,1.2,0.20,0.00
2023-03-18,61,3.8,2.4,3.2,5.10,0.00
2023-03-19,51,6.0,1.7,3.6,0.50,0.00
2023-03-20,53,7.2,-1.9,3.7,2.30,0.00
2023-03-21,51,6.3,-3.1,1.4,0.10,0.00
2023-03-22,53,10.2,1.4,5.7,3.70,0.00
2023-03-23,53,11.6,3.7,7.0,1.40,0.00
2023-03-24,61,9.2,3.9,6.1,6.80,0.00
2023-03-25,73,3.6,-2.1,0.1,1.40,2.17
2023-03-26,71,0.4,-2.7,-1.3,0.00,1.12
2023-03-27,73,-2.5,-3.9,-3.4,0.00,6.16
2023-03-28,73,-1.4,-9.2,-3.7,0.00,1.89
2023-03-29,73,-1.6,-18.2,-7.6,0.00,2.10
2023-03-30,3,0.2,-9.0,-3.5,0.00,0.00
2023-03-31,71,1.0,-7.4,-2.0,0.00,0.21
2023-04-01,1,5.3,-8.0,-2.3,0.00,0.00
2023-04-02,1,3.8,-7.7,-2.7,0.00,0.00
2023-04-03,1,3.4,-7.5,-3.0,0.00,0.00
2023-04-04,3,3.5,-10.1,-3.4,0.00,0.00
2023-04-05,73,1.2,-10.2,-2.4,0.20,1.19
2023-04-06,3,4.3,-3.6,0.4,0.00,0.00
2023-04-07,3,4.3,-0.3,1.9,0.00,0.00
2023-04-08,3,10.2,-2.2,4.1,0.00,0.00
2023-04-09,3,10.7,-3.4,4.2,0.00,0.00
2023-04-10,3,9.8,-4.0,3.3,0.00,0.00
2023-04-11,3,11.6,-0.8,5.4,0.00,0.00
2023-04-12,3,13.4,3.4,8.0,0.00,0.00
2023-04-13,53,10.8,3.9,6.4,2.40,0.00
2023-04-14,51,6.7,2.4,4.7,1.00,0.00
2023-04-15,3,9.7,1.0,5.2,0.00,0.00
2023-04-16,0,11.5,-0.6,4.9,0.00,0.00
2023-04-17,0,13.3,-2.2,5.5,0.00,0.00
2023-04-18,3,13.3,0.7,6.6,0.00,0.00
2023-04-19,0,12.2,1.2,6.7,0.00,0.00
2023-04-20,3,15.5,-0.5,8.1,0.00,0.00
2023-04-21,1,17.8,1.5,9.5,0.00,0.00
2023-04-22,1,19.2,3.6,10.9,0.00,0.00
2023-04-23,53,15.5,2.9,9.9,0.60,0.00
2023-04-24,53,8.8,3.1,5.5,0.90,0.00
2023-04-25,61,10.9,2.6,5.9,6.30,0.00
2023-04-26,51,10.1,1.8,6.3,0.50,0.00
2023-04-27,51,9.9,-0.3,4.3,1.10,0.00
2023-04-28,51,8.9,-0.5,4.2,0.30,0.00
2023-04-29,61,9.1,-0.8,4.9,2.00,0.00
2023-04-30,51,10.8,1.5,5.7,0.20,0.00
2023-05-01,61,8.5,1.3,5.5,10.00,0.00
2023-05-02,53,10.2,2.9,6.4,2.70,0.00
2023-05-03,51,11.7,-0.9,5.5,0.20,0.00
2023-05-04,51,7.2,-1.9,2.8,0.30,0.00
2023-05-05,3,7.5,-4.4,2.6,0.00,0.00
2023-05-06,3,8.2,-5.1,3.1,0.00,0.00
2023-05-07,3,11.6,-1.1,5.7,0.00,0.00
2023-05-08,3,16.4,1.3,8.8,0.00,0.00
2023-05-09,3,17.1,4.1,11.0,0.00,0.00
2023-05-10,3,17.1,5.9,11.7,0.00,0.00
2023-05-11,3,18.3,5.8,12.5,0.00,0.00
2023-05-12,3,20.5,5.8,13.7,0.00,0.00
2023-05-13,0,20.2,6.3,13.5,0.00,0.00
2023-05-14,3,23.0,6.2,15.1,0.00,0.00
2023-05-15,51,20.2,9.4,14.9,0.10,0.00
2023-05-16,61,14.8,9.7,11.9,6.80,0.00
2023-05-17,63,11.2,5.3,8.1,13.50,0.00
2023-05-18,1,14.1,2.8,9.2,0.00,0.00
2023-05-19,0,18.4,4.3,11.5,0.00,0.00
2023-05-20,3,18.5,5.3,11.8,0.00,0.00
2023-05-21,3,20.3,6.0,14.0,0.00,0.00
2023-05-22,3,22.2,7.1,15.4,0.00,0.00
2023-05-23,51,21.6,9.6,15.5,0.20,0.00
2023-05-24,3,24.2,5.2,16.3,0.00,0.00
2023-05-25,55,19.7,9.5,15.2,1.60,0.00
2023-05-26,51,15.6,6.5,12.4,0.10,0.00
2023-05-27,3,20.3,2.4,12.4,0.00,0.00
2023-05-28,51,18.7,9.9,14.0,1.00,0.00
2023-05-29,3,17.2,7.7,12.7,0.00,0.00
2023-05-30,3,18.8,8.9,13.5,0.00,0.00
2023-05-31,3,20.8,9.4,15.4,0.00,0.00
2023-06-01,3,14.4,8.0,11.2,0.00,0.00
2023-06-02,51,14.4,5.4,10.0,0.10,0.00
2023-06-03,55,18.7,4.2,13.1,1.30,0.00
2023-06-04,53,16.0,8.4,12.2,0.90,0.00
2023-06-05,2,23.4,6.8,15.9,0.00,0.00
2023-06-06,3,22.9,10.0,16.0,0.00,0.00
2023-06-07,2,18.9,7.2,13.8,0.00,0.00
2023-06-08,3,20.6,8.5,14.0,0.00,0.00
2023-06-09,3,17.2,5.3,12.2,0.00,0.00
2023-06-10,3,19.5,3.7,13.0,0.00,0.00
2023-06-11,0,19.9,4.2,14.0,0.00,0.00
2023-06-12,0,21.9,8.1,15.8,0.00,0.00
2023-06-13,3,25.5,9.3,18.1,0.00,0.00
2023-06-14,2,26.7,9.9,19.1,0.00,0.00
2023-06-15,3,26.0,9.1,19.0,0.00,0.00
2023-06-16,3,25.8,12.1,19.4,0.00,0.00
2023-06-17,3,27.1,10.6,19.5,0.00,0.00
2023-06-18,63,18.9,14.4,16.6,12.40,0.00
2023-06-19,55,21.2,14.8,17.6,3.00,0.00
2023-06-20,65,25.3,14.7,19.5,16.70,0.00
2023-06-21,51,25.2,13.5,20.1,0.80,0.00
2023-06-22,51,26.1,15.8,21.4,0.10,0.00
2023-06-23,51,26.0,14.4,20.3,0.20,0.00
2023-06-24,3,24.6,12.4,19.4,0.00,0.00
2023-06-25,3,26.4,11.8,19.7,0.00,0.00
2023-06-26,0,24.1,10.8,18.9,0.00,0.00
2023-06-27,51,23.7,14.3,19.1,0.30,0.00
2023-06-28,51,25.5,13.8,20.8,0.20,0.00
2023-06-29,63,26.9,16.7,21.1,6.10,0.00
2023-06-30,51,24.3,16.5,20.3,1.10,0.00
2023-07-01,3,22.9,15.7,19.2,0.00,0.00
2023-07-02,63,17.6,13.7,15.6,17.80,0.00
2023-07-03,63,15.3,12.3,13.7,14.20,0.00
2023-07-04,51,18.6,12.5,15.4,1.00,0.00
2023-07-05,51,21.7,12.9,17.0,0.50,0.00
2023-07-06,61,20.0,13.0,16.8,5.80,0.00
2023-07-07,61,18.7,13.0,15.9,6.80,0.00
2023-07-08,51,22.9,14.2,18.4,0.60,0.00
2023-07-09,51,22.9,12.9,18.3,0.30,0.00
2023-07-10,2,22.3,13.4,18.0,0.00,0.00
2023-07-11,3,21.5,13.5,17.6,0.00,0.00
2023-07-12,63,21.8,14.4,17.8,4.20,0.00
2023-07-13,61,21.4,13.9,17.6,1.50,0.00
2023-07-14,51,22.3,14.1,18.4,0.20,0.00
2023-07-15,3,23.8,14.0,18.5,0.00,0.00
2023-07-16,63,21.5,16.6,18.6,11.10,0.00
2023-07-17,63,22.3,14.8,17.4,4.90,0.00
2023-07-18,51,20.1,14.0,16.8,0.30,0.00
2023-07-19,53,20.0,13.0,16.1,1.70,0.00
2023-07-20,61,19.2,12.3,15.5,1.90,0.00
2023-07-21,51,19.8,12.6,16.2,0.70,0.00
2023-07-22,63,19.6,12.0,15.6,4.80,0.00
2023-07-23,51,19.5,12.2,15.6,0.50,0.00
2023-07-24,63,20.7,10.2,16.6,3.80,0.00
2023-07-25,65,20.6,12.9,16.2,24.60,0.00
2023-07-26,3,19.9,13.0,16.7,0.00,0.00
2023-07-27,51,19.0,12.7,15.7,0.10,0.00
2023-07-28,63,18.8,12.1,15.0,5.40,0.00
2023-07-29,3,22.3,13.0,17.9,0.00,0.00
2023-07-30,65,20.9,12.8,16.9,10.00,0.00
2023-07-31,63,16.8,12.3,14.8,11.20,0.00
2023-08-01,63,19.9,13.0,16.1,9.20,0.00
2023-08-02,55,20.6,14.6,16.9,5.00,0.00
2023-08-03,61,17.3,13.1,15.8,10.70,0.00
2023-08-04,63,20.3,13.7,16.5,12.90,0.00
2023-08-05,55,20.8,12.7,16.7,2.20,0.00
2023-08-06,63,18.0,14.4,16.3,12.90,0.00
2023-08-07,61,24.5,15.8,19.6,3.70,0.00
2023-08-08,55,16.9,13.8,15.7,4.30,0.00
2023-08-09,61,15.2,12.3,13.9,5.10,0.00
2023-08-10,55,15.0,11.7,12.9,9.00,0.00
2023-08-11,61,17.2,11.2,14.0,4.00,0.00
2023-08-12,3,21.0,11.4,16.4,0.00,0.00
2023-08-13,61,21.1,13.9,17.2,3.70,0.00
2023-08-14,51,22.9,14.2,18.3,0.30,0.00
2023-08-15,63,22.5,14.3,18.3,4.70,0.00
2023-08-16,51,22.6,16.1,18.9,0.10,0.00
2023-08-17,51,21.5,14.5,17.5,0.20,0.00
2023-08-18,51,20.1,13.5,16.5,0.40,0.00
2023-08-19,3,19.9,14.0,16.8,0.00,0.00
2023-08-20,53,19.2,14.2,16.2,1.50,0.00
2023-08-21,51,20.7,15.5,17.7,0.60,0.00
2023-08-22,53,19.5,14.4,16.7,0.70,0.00
2023-08-23,51,20.7,14.0,17.0,0.70,0.00
2023-08-24,51,19.6,14.4,16.7,1.10,0.00
2023-08-25,53,18.0,12.1,15.1,4.70,0.00
2023-08-26,55,18.0,14.4,16.3,2.10,0.00
2023-08-27,51,19.5,14.1,16.5,0.10,0.00
2023-08-28,61,15.4,12.9,14.2,11.30,0.00
2023-08-29,3,20.5,11.8,15.5,0.00,0.00
2023-08-30,61,17.9,12.2,15.0,3.10,0.00
2023-08-31,51,19.3,11.8,15.3,0.10,0.00
2023-09-01,63,15.4,12.6,13.8,14.60,0.00
2023-09-02,53,15.9,11.5,13.4,1.50,0.00
2023-09-03,3,17.2,10.8,14.1,0.00,0.00
2023-09-04,3,22.2,12.7,17.6,0.00,0.00
2023-09-05,51,22.2,14.7,17.7,0.30,0.00
2023-09-06,3,17.6,11.7,14.7,0.00,0.00
2023-09-07,3,20.8,11.9,16.0,0.00,0.00
2023-09-08,3,22.6,14.6,17.9,0.00,0.00
2023-09-09,3,23.1,14.4,17.7,0.00,0.00
2023-09-10,3,23.4,14.9,18.7,0.00,0.00
2023-09-11,3,21.1,13.4,16.9,0.00,0.00
2023-09-12,51,22.3,15.5,18.1,0.20,0.00
2023-09-13,63,15.9,10.8,14.2,5.30,0.00
2023-09-14,3,15.5,8.6,11.6,0.00,0.00
2023-09-15,3,17.8,8.8,13.9,0.00,0.00
2023-09-16,51,18.4,11.6,14.9,0.30,0.00
2023-09-17,51,15.0,9.0,12.5,0.10,0.00
2023-09-18,3,15.6,7.4,12.7,0.00,0.00
2023-09-19,63,18.2,12.1,15.8,6.90,0.00
2023-09-20,51,19.1,12.1,15.5,0.70,0.00
2023-09-21,3,21.0,15.1,17.6,0.00,0.00
2023-09-22,53,20.3,15.2,17.3,1.10,0.00
2023-09-23,51,17.7,12.2,14.5,0.30,0.00
2023-09-24,2,16.2,10.7,13.0,0.00,0.00
2023-09-25,3,16.0,10.1,13.4,0.00,0.00
2023-09-26,51,17.8,12.5,14.4,0.10,0.00
2023-09-27,53,19.0,12.8,15.6,0.60,0.00
2023-09-28,3,17.3,11.7,14.5,0.00,0.00
2023-09-29,63,17.5,13.2,14.9,3.40,0.00
2023-09-30,63,15.7,11.4,13.7,5.60,0.00
2023-10-01,2,15.7,10.1,12.5,0.00,0.00
2023-10-02,61,15.9,8.9,12.1,2.90,0.00
2023-10-03,63,13.7,9.3,11.1,15.10,0.00
2023-10-04,53,14.0,9.1,11.4,1.30,0.00
2023-10-05,53,11.0,3.8,8.1,1.10,0.00
2023-10-06,53,12.2,2.4,8.5,3.30,0.00
2023-10-07,51,11.6,5.7,7.6,0.20,0.00
2023-10-08,3,8.7,4.0,6.0,0.00,0.00
2023-10-09,3,8.8,3.2,5.4,0.00,0.00
2023-10-10,55,9.9,1.9,6.2,2.20,0.00
2023-10-11,51,16.3,9.4,12.6,0.50,0.00
2023-10-12,1,12.6,7.9,10.4,0.00,0.00
2023-10-13,61,12.5,4.8,8.2,7.10,0.00
2023-10-14,55,12.0,7.0,9.9,2.40,0.00
2023-10-15,3,10.1,5.5,7.9,0.00,0.00
2023-10-16,3,7.5,3.0,5.1,0.00,0.00
2023-10-17,53,10.9,3.5,6.6,1.50,0.00
2023-10-18,3,7.0,2.0,4.8,0.00,0.00
2023-10-19,73,4.4,-0.0,1.5,0.50,0.49
2023-10-20,75,4.5,2.2,3.4,4.40,4.83
2023-10-21,55,5.5,3.6,4.6,6.00,0.00
2023-10-22,51,8.1,4.3,5.5,0.40,0.00
2023-10-23,51,6.1,3.5,4.9,0.90,0.00
2023-10-24,3,6.1,1.5,3.6,0.00,0.00
2023-10-25,51,5.7,2.4,3.9,0.20,0.00
2023-10-26,51,4.9,3.2,3.7,0.30,0.00
2023-10-27,51,3.5,1.7,2.9,1.10,0.00
2023-10-28,51,3.3,0.2,1.7,0.10,0.00
2023-10-29,51,3.4,-3.1,0.9,0.20,0.00
2023-10-30,61,6.9,1.8,3.2,5.90,0.00
2023-10-31,55,7.7,4.0,6.2,11.40,0.00
2023-11-01,55,4.7,-1.1,1.9,5.90,0.00
2023-11-02,51,6.9,-1.5,2.4,0.90,0.00
2023-11-03,63,8.4,6.8,7.6,13.70,0.00
2023-11-04,61,9.0,6.0,7.6,14.70,0.00
2023-11-05,51,8.4,4.6,6.6,0.80,0.00
2023-11-06,53,8.3,5.2,6.8,1.10,0.00
2023-11-07,51,7.0,2.3,5.3,1.20,0.00
2023-11-08,53,6.2,1.2,3.7,4.90,0.00
2023-11-09,61,6.8,3.5,5.1,7.10,0.00
2023-11-10,51,8.2,4.9,6.7,1.20,0.00
2023-11-11,3,6.8,2.9,4.8,0.00,0.00
2023-11-12,51,5.0,2.6,3.4,0.10,0.00
2023-11-13,3,2.5,0.8,1.5,0.00,0.00
2023-11-14,51,2.2,1.1,1.7,0.60,0.00
2023-11-15,3,2.1,0.1,1.0,0.00,0.00
2023-11-16,3,0.4,-2.7,-0.9,0.00,0.00
2023-11-17,3,2.2,-1.0,0.3,0.00,0.00
2023-11-18,3,-0.5,-4.3,-2.6,0.00,0.00
2023-11-19,73,-0.7,-5.2,-3.0,0.00,0.56
2023-11-20,71,2.4,-2.4,-0.4,0.00,0.07
2023-11-21,3,0.8,-3.7,-1.4,0.00,0.00
2023-11-22,75,2.9,-5.4,-1.5,1.50,4.34
2023-11-23,51,3.9,-1.4,1.3,0.20,0.00
2023-11-24,71,-0.2,-2.5,-1.4,0.00,0.28
2023-11-25,71,-1.6,-5.6,-3.9,0.00,0.42
2023-11-26,73,-1.7,-4.8,-3.3,0.00,0.63
2023-11-27,71,-3.0,-8.2,-5.1,0.00,0.21
2023-11-28,75,-1.8,-7.0,-4.6,0.10,4.20
2023-11-29,73,-0.2,-7.7,-4.6,0.00,1.05
2023-11-30,73,-1.2,-4.1,-2.1,0.00,2.03
2023-12-01,71,-0.4,-2.9,-1.3,0.00,0.63
2023-12-02,3,-3.4,-7.9,-6.6,0.00,0.00
2023-12-03,71,-4.6,-10.1,-6.5,0.00,0.07
2023-12-04,3,-7.4,-13.7,-10.1,0.00,0.00
2023-12-05,3,-7.3,-12.4,-9.0,0.00,0.00
2023-12-06,3,-7.9,-11.3,-9.8,0.00,0.00
2023-12-07,73,0.3,-8.1,-2.4,0.00,1.33
2023-12-08,71,1.3,-1.0,0.2,0.40,0.63
2023-12-09,71,0.7,-1.3,-0.4,0.00,0.91
2023-12-10,71,0.1,-1.4,-0.6,0.00,0.07
2023-12-11,71,0.9,-1.5,0.3,0.60,1.40
2023-12-12,71,-1.8,-3.9,-3.2,0.00,0.28
2023-12-13,3,-3.0,-6.7,-3.6,0.00,0.00
2023-12-14,3,-7.7,-10.8,-8.8,0.00,0.00
2023-12-15,71,0.4,-9.4,-4.8,0.00,0.21
2023-12-16,3,5.4,-2.6,2.1,0.00,0.00
2023-12-17,53,4.7,-0.2,2.2,2.40,0.00
2023-12-18,3,4.7,1.6,3.4,0.00,0.00
2023-12-19,53,6.2,-1.3,2.7,1.70,0.00
2023-12-20,75,0.9,-3.3,-0.7,1.60,2.87
2023-12-21,73,1.0,-1.6,-0.3,1.10,2.59
2023-12-22,75,0.8,-0.2,0.4,1.40,10.08
2023-12-23,71,0.4,-5.6,-2.4,0.00,0.56
2023-12-24,73,-1.3,-14.5,-8.8,0.00,1.61
2023-12-25,73,0.4,-2.1,-0.4,0.10,2.80
2023-12-26,71,-0.8,-12.6,-8.0,0.00,0.07
2023-12-27,3,-1.6,-10.4,-5.4,0.00,0.00
2023-12-28,73,2.1,-10.6,-2.2,2.00,1.12
2023-12-29,75,3.1,-0.4,1.3,3.70,1.54
2023-12-30,71,1.1,-2.0,-0.3,1.10,0.21
2023-12-31,3,-2.7,-5.6,-4.0,0.00,0.00
2024-01-01,71,-2.5,-4.5,-3.3,0.00,0.70
2024-01-02,73,-4.4,-7.1,-5.9,0.00,2.17
2024-01-03,71,-6.8,-7.7,-7.4,0.00,0.84
2024-01-04,73,-6.2,-11.5,-8.2,0.10,1.89
2024-01-05,3,-9.0,-11.8,-9.9,0.00,0.00
2024-01-06,3,-9.5,-12.1,-10.8,0.00,0.00
2024-01-07,3,-9.3,-13.4,-11.1,0.00,0.00
2024-01-08,3,-5.4,-11.7,-8.8,0.00,0.00
2024-01-09,3,0.7,-5.3,-1.5,0.00,0.00
2024-01-10,3,1.7,-0.6,0.3,0.00,0.00
2024-01-11,53,4.2,-9.2,-0.6,0.80,0.00
2024-01-12,71,3.5,-3.5,0.3,0.00,0.14
2024-01-13,73,0.7,-4.7,-1.5,0.00,1.82
2024-01-14,73,-1.2,-6.5,-3.4,0.00,0.77
2024-01-15,71,-4.3,-10.1,-6.7,0.00,1.12
2024-01-16,3,-11.2,-16.8,-14.9,0.00,0.00
2024-01-17,75,-0.4,-14.2,-3.6,0.00,3.99
2024-01-18,3,-2.5,-9.4,-6.7,0.00,0.00
2024-01-19,3,-10.5,-16.5,-14.9,0.00,0.00
2024-01-20,73,-10.2,-17.0,-11.7,0.10,0.49
2024-01-21,73,1.7,-9.1,-0.5,0.00,2.17
2024-01-22,73,5.6,0.5,3.0,5.60,0.91
2024-01-23,3,4.0,-0.8,2.5,0.00,0.00
2024-01-24,73,0.9,-1.4,0.3,1.70,1.75
2024-01-25,3,0.8,-1.8,-0.6,0.00,0.00
2024-01-26,73,0.9,-3.2,-1.2,0.50,3.15
2024-01-27,73,3.0,-2.7,-0.3,0.40,1.26
2024-01-28,3,4.1,1.2,2.8,0.00,0.00
2024-01-29,3,5.1,1.4,3.3,0.00,0.00
2024-01-30,53,2.6,-1.6,0.8,3.80,0.00
2024-01-31,53,3.4,0.8,2.1,1.90,0.00
2024-02-01,51,3.6,-1.6,1.6,0.30,0.00
2024-02-02,51,3.4,-2.9,0.2,1.20,0.00
2024-02-03,3,5.7,2.1,3.6,0.00,0.00
2024-02-04,3,2.4,-3.9,0.3,0.00,0.00
2024-02-05,73,-0.6,-6.3,-3.2,0.00,0.56
2024-02-06,71,-1.5,-7.0,-4.5,0.00,0.28
2024-02-07,71,-4.1,-7.0,-5.0,0.00,0.07
2024-02-08,3,-3.2,-8.5,-5.7,0.00,0.00
2024-02-09,73,-2.8,-8.5,-5.1,0.00,1.19
2024-02-10,71,-2.0,-5.9,-3.6,0.00,0.07
2024-02-11,71,-2.4,-3.9,-3.1,0.10,0.07
2024-02-12,73,-1.2,-4.5,-3.1,0.60,2.10
2024-02-13,73,0.5,-3.5,-0.8,0.00,6.79
2024-02-14,71,2.5,-4.2,-0.6,0.10,0.14
2024-02-15,51,2.8,-1.9,0.8,1.30,0.00
2024-02-16,61,4.8,0.8,3.0,16.90,0.00
2024-02-17,71,4.5,-3.6,0.7,2.40,0.21
2024-02-18,3,2.4,-5.6,-2.0,0.00,0.00
2024-02-19,73,1.2,0.0,0.6,1.40,1.61
2024-02-20,3,1.7,-0.2,0.3,0.00,0.00
2024-02-21,53,2.7,-0.5,1.0,4.00,0.00
2024-02-22,53,4.5,0.2,2.3,2.10,0.00
2024-02-23,55,7.1,2.2,4.2,5.30,0.00
2024-02-24,51,5.1,0.4,2.2,0.50,0.00
2024-02-25,71,5.8,-0.5,1.6,0.40,0.14
2024-02-26,51,4.2,-2.0,1.3,1.40,0.00
2024-02-27,51,3.8,0.4,1.2,0.10,0.00
2024-02-28,3,3.0,0.2,1.5,0.00,0.00
2024-02-29,3,4.6,0.7,2.6,0.00,0.00
2024-03-01,51,5.1,0.5,3.1,0.10,0.00
2024-03-02,61,5.5,2.0,3.5,3.10,0.00
2024-03-03,51,4.8,0.1,2.6,0.10,0.00
2024-03-04,3,5.6,-0.9,1.2,0.00,0.00
2024-03-05,3,2.5,-1.5,0.2,0.00,0.00
2024-03-06,3,3.8,-2.6,-0.0,0.00,0.00
2024-03-07,3,6.2,-3.8,0.1,0.00,0.00
2024-03-08,3,4.4,-3.3,-0.3,0.00,0.00
2024-03-09,3,0.3,-2.5,-1.3,0.00,0.00
2024-03-10,3,0.7,-2.6,-0.9,0.00,0.00
2024-03-11,3,3.6,-2.4,-0.1,0.00,0.00
2024-03-12,3,5.8,-2.3,0.8,0.00,0.00
2024-03-13,3,3.9,-0.0,1.7,0.00,0.00
2024-03-14,51,10.3,1.4,6.1,0.70,0.00
2024-03-15,51,10.3,6.2,7.8,0.50,0.00
2024-03-16,71,9.4,-0.5,5.2,9.50,0.07
2024-03-17,71,1.3,-4.3,-1.3,0.00,0.63
2024-03-18,3,2.0,-5.4,-2.5,0.00,0.00
2024-03-19,3,5.1,-4.9,-0.9,0.00,0.00
2024-03-20,71,3.1,-1.9,0.7,0.10,0.14
2024-03-21,51,5.6,0.5,2.4,1.10,0.00
2024-03-22,73,6.4,1.3,3.5,3.80,1.19
2024-03-23,51,6.9,0.9,3.4,0.40,0.00
2024-03-24,3,3.8,-1.0,1.1,0.00,0.00
2024-03-25,3,4.2,-2.7,0.2,0.00,0.00
2024-03-26,71,2.2,-1.8,0.7,0.20,0.21
2024-03-27,3,7.5,0.7,3.6,0.00,0.00
2024-03-28,61,9.4,1.8,5.4,3.00,0.00
2024-03-29,53,10.9,4.0,6.7,1.80,0.00
2024-03-30,51,11.9,3.4,6.9,0.20,0.00
2024-03-31,3,11.7,2.7,5.7,0.00,0.00
2024-04-01,3,8.2,1.2,4.6,0.00,0.00
2024-04-02,73,1.0,-1.5,-0.1,0.00,4.41
2024-04-03,71,-0.4,-4.2,-2.0,0.00,0.07
2024-04-04,73,1.7,-4.2,-1.1,0.00,0.98
2024-04-05,73,2.3,-0.5,0.9,0.70,4.76
2024-04-06,73,4.0,0.5,1.9,0.80,0.63
2024-04-07,55,13.3,1.6,8.4,1.40,0.00
2024-04-08,51,16.4,5.5,10.7,0.10,0.00
2024-04-09,3,17.0,4.5,9.8,0.00,0.00
2024-04-10,63,11.7,6.8,9.2,3.10,0.00
2024-04-11,53,11.5,5.5,8.0,1.60,0.00
2024-04-12,3,14.1,6.9,9.9,0.00,0.00
2024-04-13,53,13.7,6.2,9.3,1.20,0.00
2024-04-14,63,9.4,4.4,7.0,12.40,0.00
2024-04-15,61,9.2,0.7,4.6,3.00,0.00
2024-04-16,51,5.7,0.4,2.8,0.70,0.00
2024-04-17,3,6.3,0.0,3.0,0.00,0.00
2024-04-18,71,4.3,-0.1,1.8,0.80,0.21
2024-04-19,71,3.7,-1.6,1.3,0.00,0.14
2024-04-20,71,2.2,-2.5,-0.2,0.00,0.28
2024-04-21,71,1.0,-1.8,-0.5,0.00,0.28
2024-04-22,3,2.9,-1.8,-0.1,0.00,0.00
2024-04-23,3,6.5,-2.6,1.8,0.00,0.00
2024-04-24,51,9.1,-0.9,3.8,0.40,0.00
2024-04-25,73,2.5,-0.3,1.5,6.10,0.56
2024-04-26,73,3.5,0.8,2.2,4.20,3.36
2024-04-27,55,9.8,-1.1,3.6,2.50,0.00
2024-04-28,51,9.5,-0.8,5.7,0.20,0.00
2024-04-29,51,17.3,6.5,10.5,0.80,0.00
2024-04-30,3,16.8,3.3,9.8,0.00,0.00
2024-05-01,3,14.1,4.0,8.7,0.00,0.00
2024-05-02,3,13.3,5.5,9.1,0.00,0.00
2024-05-03,2,15.6,4.6,10.2,0.00,0.00
2024-05-04,3,20.8,3.7,11.8,0.00,0.00
2024-05-05,61,10.5,4.9,7.4,5.80,0.00
2024-05-06,51,11.6,1.7,7.6,0.20,0.00
2024-05-07,2,11.9,0.1,5.7,0.00,0.00
2024-05-08,73,4.4,2.1,3.4,6.10,1.19
2024-05-09,55,12.2,3.6,8.0,1.70,0.00
2024-05-10,3,13.0,4.7,8.8,0.00,0.00
2024-05-11,3,15.7,3.1,9.2,0.00,0.00
2024-05-12,3,20.1,3.7,13.0,0.00,0.00
2024-05-13,3,21.8,7.7,15.1,0.00,0.00
2024-05-14,3,22.1,7.1,15.0,0.00,0.00
2024-05-15,3,21.7,9.0,15.4,0.00,0.00
2024-05-16,3,22.5,10.6,16.0,0.00,0.00
2024-05-17,1,20.7,8.9,15.2,0.00,0.00
2024-05-18,2,22.8,9.3,16.3,0.00,0.00
2024-05-19,1,24.1,11.1,17.8,0.00,0.00
2024-05-20,3,16.8,7.8,12.1,0.00,0.00
2024-05-21,0,17.6,6.5,12.3,0.00,0.00
2024-05-22,0,18.1,8.6,13.6,0.00,0.00
2024-05-23,3,20.1,10.6,15.6,0.00,0.00
2024-05-24,63,22.6,12.4,16.7,7.90,0.00
2024-05-25,3,24.3,11.1,17.3,0.00,0.00
2024-05-26,3,23.3,11.9,17.1,0.00,0.00
2024-05-27,2,24.4,13.0,19.0,0.00,0.00
2024-05-28,3,26.3,13.0,19.2,0.00,0.00
2024-05-29,51,22.6,11.8,17.6,0.50,0.00
2024-05-30,3,22.5,9.9,17.1,0.00,0.00
2024-05-31,51,24.9,12.6,18.9,0.10,0.00
2024-06-01,61,26.4,15.0,20.8,2.60,0.00
2024-06-02,3,25.2,15.4,20.0,0.00,0.00
2024-06-03,61,25.2,15.6,20.3,2.30,0.00
2024-06-04,3,22.4,15.1,18.7,0.00,0.00
2024-06-05,51,20.7,13.6,17.0,0.40,0.00
2024-06-06,51,17.8,11.1,14.7,0.40,0.00
2024-06-07,51,17.4,9.6,13.7,0.10,0.00
2024-06-08,53,17.2,10.9,13.8,2.00,0.00
2024-06-09,61,16.0,9.2,12.0,7.60,0.00
2024-06-10,63,14.4,9.0,11.2,9.00,0.00
2024-06-11,63,17.7,9.1,13.1,3.90,0.00
2024-06-12,51,17.4,9.6,13.8,0.90,0.00
2024-06-13,63,15.5,8.0,12.0,6.80,0.00
2024-06-14,51,16.5,8.3,12.7,1.40,0.00
2024-06-15,51,17.7,8.9,14.0,1.10,0.00
2024-06-16,53,20.6,11.8,15.7,0.80,0.00
2024-06-17,3,22.1,10.5,16.2,0.00,0.00
2024-06-18,51,20.7,11.6,16.2,0.20,0.00
2024-06-19,63,19.1,11.5,14.8,4.30,0.00
2024-06-20,3,22.3,10.6,17.1,0.00,0.00
2024-06-21,3,21.9,12.6,16.8,0.00,0.00
2024-06-22,51,18.8,11.2,15.0,0.30,0.00
2024-06-23,51,20.1,13.3,16.5,0.20,0.00
2024-06-24,3,24.4,12.6,18.7,0.00,0.00
2024-06-25,0,26.0,13.2,20.0,0.00,0.00
2024-06-26,0,27.7,14.8,21.5,0.00,0.00
2024-06-27,0,27.5,14.0,21.8,0.00,0.00
2024-06-28,63,26.8,17.1,21.5,11.20,0.00
2024-06-29,3,22.1,14.8,18.2,0.00,0.00
2024-06-30,63,18.8,12.5,15.3,14.10,0.00
2024-07-01,51,20.9,13.2,17.0,0.20,0.00
2024-07-02,51,20.3,12.9,17.0,0.10,0.00
2024-07-03,61,19.1,14.5,16.0,9.70,0.00
2024-07-04,61,18.4,12.5,15.2,5.30,0.00
2024-07-05,61,16.9,11.0,13.9,3.40,0.00
2024-07-06,61,18.3,10.9,14.9,4.00,0.00
2024-07-07,63,20.1,14.7,16.9,7.80,0.00
2024-07-08,53,19.2,12.7,15.7,1.20,0.00
2024-07-09,55,21.1,11.7,16.3,1.30,0.00
2024-07-10,63,20.6,11.8,16.9,8.30,0.00
2024-07-11,65,21.8,16.0,18.6,14.30,0.00
2024-07-12,51,23.7,16.1,20.0,0.50,0.00
2024-07-13,53,20.8,14.9,18.0,0.80,0.00
2024-07-14,53,22.2,14.4,17.9,2.50,0.00
2024-07-15,55,21.6,14.0,17.7,2.10,0.00
2024-07-16,53,23.7,13.5,18.3,1.60,0.00
2024-07-17,65,22.1,16.1,18.6,19.90,0.00
2024-07-18,53,21.5,15.3,18.5,2.10,0.00
2024-07-19,51,22.8,15.4,19.4,0.10,0.00
2024-07-20,51,23.5,16.0,19.8,0.60,0.00
2024-07-21,51,23.5,14.8,18.7,0.80,0.00
2024-07-22,51,22.5,16.2,19.0,0.40,0.00
2024-07-23,55,22.9,16.8,19.4,5.40,0.00
2024-07-24,51,23.2,15.0,19.8,0.60,0.00
2024-07-25,51,22.1,14.4,18.8,0.50,0.00
2024-07-26,53,23.1,14.4,19.0,1.60,0.00
2024-07-27,61,21.5,14.8,18.3,3.30,0.00
2024-07-28,53,21.2,14.1,17.2,1.60,0.00
2024-07-29,3,21.4,14.5,17.8,0.00,0.00
2024-07-30,3,22.8,13.8,18.7,0.00,0.00
2024-07-31,61,21.3,15.4,18.1,3.40,0.00
2024-08-01,3,21.3,13.8,17.7,0.00,0.00
2024-08-02,3,21.2,11.4,17.1,0.00,0.00
2024-08-03,51,22.5,12.4,17.8,1.40,0.00
2024-08-04,63,21.6,14.9,17.6,7.10,0.00
2024-08-05,51,23.5,14.6,18.7,0.30,0.00
2024-08-06,51,24.4,14.5,19.6,0.10,0.00
2024-08-07,51,23.8,16.0,19.6,0.20,0.00
2024-08-08,53,22.3,16.0,19.3,1.20,0.00
2024-08-09,63,22.0,14.9,17.8,5.80,0.00
2024-08-10,51,20.8,14.3,17.2,0.50,0.00
2024-08-11,3,21.5,14.2,17.5,0.00,0.00
2024-08-12,3,20.2,12.5,16.5,0.00,0.00
2024-08-13,3,23.1,13.0,18.2,0.00,0.00
2024-08-14,61,23.3,15.1,18.9,1.80,0.00
2024-08-15,51,24.4,15.1,19.6,0.10,0.00
2024-08-16,51,21.6,15.6,18.7,0.50,0.00
2024-08-17,3,21.0,13.3,16.9,0.00,0.00
2024-08-18,3,21.1,12.3,16.7,0.00,0.00
2024-08-19,3,21.0,13.4,17.0,0.00,0.00
2024-08-20,3,21.8,11.8,17.0,0.00,0.00
2024-08-21,61,21.9,14.1,16.9,8.50,0.00
2024-08-22,51,19.9,13.5,16.4,0.20,0.00
2024-08-23,53,19.9,14.1,17.1,1.60,0.00
2024-08-24,3,21.0,14.4,17.4,0.00,0.00
2024-08-25,55,21.6,14.7,18.6,1.60,0.00
2024-08-26,2,20.4,12.2,16.3,0.00,0.00
2024-08-27,51,20.3,13.5,16.6,0.60,0.00
2024-08-28,3,24.0,13.6,18.1,0.00,0.00
2024-08-29,63,23.0,13.7,18.4,5.30,0.00
2024-08-30,51,22.1,14.7,18.7,0.60,0.00
2024-08-31,51,18.4,12.7,15.1,0.50,0.00
2024-09-01,55,16.6,10.6,13.2,3.00,0.00
2024-09-02,61,16.5,11.3,13.2,6.80,0.00
2024-09-03,3,19.5,10.8,15.1,0.00,0.00
2024-09-04,3,24.5,13.5,18.5,0.00,0.00
2024-09-05,0,25.3,15.7,19.5,0.00,0.00
2024-09-06,0,23.1,13.1,17.7,0.00,0.00
2024-09-07,51,24.8,13.2,18.3,0.10,0.00
2024-09-08,3,24.1,14.3,19.4,0.00,0.00
2024-09-09,61,21.8,15.1,19.4,2.10,0.00
2024-09-10,63,18.7,13.6,16.5,7.70,0.00
2024-09-11,61,15.7,9.7,13.6,13.80,0.00
2024-09-12,3,16.4,8.8,12.4,0.00,0.00
2024-09-13,51,17.1,10.6,13.5,0.10,0.00
2024-09-14,3,17.3,9.3,12.8,0.00,0.00
2024-09-15,3,16.6,7.8,11.8,0.00,0.00
2024-09-16,53,17.0,6.2,12.7,1.50,0.00
2024-09-17,51,18.4,10.1,13.9,0.40,0.00
2024-09-18,3,17.5,9.1,13.2,0.00,0.00
2024-09-19,3,19.6,8.8,13.5,0.00,0.00
2024-09-20,0,19.7,10.6,14.6,0.00,0.00
2024-09-21,3,17.4,11.0,13.0,0.00,0.00
2024-09-22,3,16.2,10.0,12.3,0.00,0.00
2024-09-23,51,17.7,8.3,13.1,0.30,0.00
2024-09-24,3,20.1,12.2,14.8,0.00,0.00
2024-09-25,53,17.0,12.1,14.7,3.20,0.00
2024-09-26,63,16.1,9.1,12.7,11.50,0.00
2024-09-27,63,13.4,7.4,10.9,23.30,0.00
2024-09-28,53,11.1,6.2,8.2,1.10,0.00
2024-09-29,0,10.4,4.7,7.2,0.00,0.00
2024-09-30,3,12.6,2.5,7.1,0.00,0.00
2024-10-01,51,11.9,4.1,8.7,0.60,0.00
2024-10-02,3,12.0,6.4,8.6,0.00,0.00
2024-10-03,3,12.0,4.9,7.8,0.00,0.00
2024-10-04,3,12.6,2.4,7.5,0.00,0.00
2024-10-05,3,12.5,5.7,8.7,0.00,0.00
2024-10-06,3,13.8,7.1,9.4,0.00,0.00
2024-10-07,3,12.4,4.1,8.1,0.00,0.00
2024-10-08,55,12.9,8.0,10.4,2.90,0.00
2024-10-09,63,12.8,10.2,11.3,31.40,0.00
2024-10-10,63,13.2,10.7,12.3,21.40,0.00
2024-10-11,53,10.1,5.0,7.6,2.60,0.00
2024-10-12,51,10.2,6.1,7.8,0.10,0.00
2024-10-13,51,11.0,7.6,9.2,0.90,0.00
2024-10-14,51,11.4,5.9,8.4,0.10,0.00
2024-10-15,2,7.3,2.0,4.2,0.00,0.00
2024-10-16,3,9.9,1.3,5.8,0.00,0.00
2024-10-17,3,12.5,6.2,9.7,0.00,0.00
2024-10-18,3,13.3,9.2,10.6,0.00,0.00
2024-10-19,63,13.5,9.2,10.8,6.00,0.00
2024-10-20,51,14.7,10.6,12.1,0.10,0.00
2024-10-21,51,15.4,11.3,13.0,0.40,0.00
2024-10-22,3,12.5,9.2,10.4,0.00,0.00
2024-10-23,3,11.6,8.6,10.0,0.00,0.00
2024-10-24,3,13.6,9.2,10.8,0.00,0.00
2024-10-25,3,11.5,6.6,9.1,0.00,0.00
2024-10-26,51,10.6,4.8,8.2,0.50,0.00
2024-10-27,61,11.3,7.2,9.7,7.00,0.00
2024-10-28,3,10.4,5.3,7.7,0.00,0.00
2024-10-29,3,10.0,1.1,6.2,0.00,0.00
2024-10-30,3,10.8,5.8,8.7,0.00,0.00
2024-10-31,51,10.0,4.7,7.6,1.50,0.00
2024-11-01,61,12.6,3.3,8.7,3.80,0.00
2024-11-02,3,5.3,2.0,3.3,0.00,0.00
2024-11-03,3,12.6,1.9,6.8,0.00,0.00
2024-11-04,3,5.7,1.2,3.8,0.00,0.00
2024-11-05,3,7.4,4.0,5.3,0.00,0.00
2024-11-06,3,6.7,3.2,4.7,0.00,0.00
2024-11-07,3,7.9,2.5,5.0,0.00,0.00
2024-11-08,3,7.9,3.2,4.9,0.00,0.00
2024-11-09,3,7.4,4.6,5.5,0.00,0.00
2024-11-10,3,6.7,4.3,5.2,0.00,0.00
2024-11-11,73,5.6,3.9,4.7,2.20,0.35
2024-11-12,3,4.9,0.7,2.8,0.00,0.00
2024-11-13,3,5.7,0.2,3.3,0.00,0.00
2024-11-14,3,6.8,2.7,4.4,0.00,0.00
2024-11-15,3,8.3,3.1,5.7,0.00,0.00
2024-11-16,51,10.5,4.4,7.8,0.10,0.00
2024-11-17,3,6.1,3.3,4.8,0.00,0.00
2024-11-18,3,3.1,-0.1,1.7,0.00,0.00
2024-11-19,3,-0.1,-3.3,-1.4,0.00,0.00
2024-11-20,73,1.5,-0.3,0.5,0.10,3.22
2024-11-21,73,0.2,-4.9,-3.0,0.00,1.68
2024-11-22,3,-4.9,-6.3,-5.7,0.00,0.00
2024-11-23,1,-3.2,-7.0,-4.6,0.00,0.00
2024-11-24,61,5.6,-5.8,0.0,4.30,0.00
2024-11-25,53,11.5,5.9,8.6,4.20,0.00
2024-11-26,51,8.1,4.9,6.0,0.60,0.00
2024-11-27,51,5.8,2.9,4.4,0.20,0.00
2024-11-28,3,3.0,-2.7,1.2,0.00,0.00
2024-11-29,51,3.1,-3.1,-0.3,0.10,0.00
2024-11-30,61,5.3,3.1,4.4,2.20,0.00
2024-12-01,3,7.4,4.4,6.4,0.00,0.00
2024-12-02,55,6.1,2.9,4.3,2.20,0.00
2024-12-03,75,5.5,-5.5,-1.0,3.00,3.29
2024-12-04,1,-2.4,-8.2,-5.3,0.00,0.00
2024-12-05,71,0.8,-5.3,-1.2,0.00,0.14
2024-12-06,3,2.3,-2.9,1.3,0.00,0.00
2024-12-07,3,1.3,0.2,0.8,0.00,0.00
2024-12-08,3,1.3,-1.4,0.6,0.00,0.00
2024-12-09,3,1.1,-2.4,-0.5,0.00,0.00
2024-12-10,3,-1.1,-3.7,-2.7,0.00,0.00
2024-12-11,3,0.4,-3.3,-1.6,0.00,0.00
2024-12-12,2,-2.3,-5.6,-4.5,0.00,0.00
2024-12-13,71,2.0,-9.6,-2.7,0.30,0.21
2024-12-14,73,2.6,-0.5,1.2,1.10,1.61
2024-12-15,73,2.9,-2.6,-1.0,0.20,0.98
2024-12-16,53,6.4,1.9,3.4,1.40,0.00
2024-12-17,51,2.1,-1.5,1.0,0.10,0.00
2024-12-18,73,4.0,-3.1,0.7,3.60,0.98
2024-12-19,53,6.9,1.7,4.2,1.70,0.00
2024-12-20,73,1.9,-1.7,0.1,0.80,0.70
2024-12-21,75,3.0,-2.2,0.5,1.90,3.08
2024-12-22,73,3.7,-0.4,2.1,4.80,0.21
2024-12-23,51,2.0,-1.2,0.8,0.10,0.00
2024-12-24,3,1.5,-0.9,0.3,0.00,0.00
2024-12-25,51,7.4,1.8,5.7,0.10,0.00
